id,first_name,last_name,email,gender,ip_address
1,Rick,Stoney,rstoney0@bloomberg.com,Male,187.75.94.108
2,Birch,Urling,burling1@japanpost.jp,Male,230.122.244.143
3,Stephenie,Hatherell,shatherell2@google.es,Female,202.103.94.126
4,Rip,Ference,rference3@deliciousdays.com,Male,57.20.120.136
5,Howard,Vedyaev,hvedyaev4@tamu.edu,Male,118.154.112.159
6,Bjorn,Hablot,bhablot5@linkedin.com,Male,30.99.4.199
7,Avram,Wilds,awilds6@sohu.com,Male,143.46.0.21
8,Evered,Clacey,eclacey7@example.com,Male,146.48.35.253
9,Jorrie,Ebbetts,jebbetts8@biblegateway.com,Female,210.202.4.221
10,Teddy,Halls,thalls9@loc.gov,Female,65.194.116.77
11,Mano,Franceschino,mfranceschinoa@nhs.uk,Male,155.65.175.65
12,Mar,Coleman,mcolemanb@mit.edu,Male,109.103.231.255
13,Andris,Borton,abortonc@creativecommons.org,Male,250.158.72.38
14,Lauritz,Feldhuhn,lfeldhuhnd@gizmodo.com,Male,60.210.159.56
15,Barn,Muckleston,bmucklestone@smh.com.au,Male,169.202.151.229
16,Una,Charlotte,ucharlottef@ocn.ne.jp,Female,225.4.207.22
17,Alli,Gronaller,agronallerg@state.gov,Female,76.63.46.251
18,Willa,Graal,wgraalh@cyberchimps.com,Female,126.225.128.237
19,Adam,Dawes,adawesi@posterous.com,Male,24.121.212.222
20,Christophorus,McIndoe,cmcindoej@typepad.com,Male,50.195.35.182
21,Sauveur,Aronstam,saronstamk@smh.com.au,Male,125.232.99.51
22,Dwight,Boosey,dbooseyl@pagesperso-orange.fr,Male,126.193.170.235
23,Andrej,Glassman,aglassmanm@tuttocitta.it,Male,3.136.167.117
24,Illa,Borghese,iborghesen@ycombinator.com,Female,219.121.152.25
25,Blondelle,Crathorne,bcrathorneo@google.it,Female,192.173.116.81
26,Carlotta,Harron,charronp@nifty.com,Female,64.105.180.67
27,Charlotte,Abelov,cabelovq@live.com,Female,248.150.24.157
28,Skelly,McCarrick,smccarrickr@pagesperso-orange.fr,Male,233.61.8.57
29,Sheff,Gildea,sgildeas@aol.com,Male,128.220.201.76
30,Daryl,Woolnough,dwoolnought@java.com,Male,228.241.8.209
31,Kaia,Esh,keshu@google.com.br,Female,61.34.160.96
32,Tamra,Eminson,teminsonv@youtu.be,Female,85.155.200.173
33,Gary,Reddy,greddyw@hud.gov,Male,44.239.231.52
34,Alica,Sweetman,asweetmanx@virginia.edu,Female,76.53.152.0
35,Hailey,Gasnoll,hgasnolly@google.pl,Male,246.57.190.185
36,Iosep,Stanyard,istanyardz@ft.com,Male,105.35.26.32
37,Iorgos,Pallasch,ipallasch10@tiny.cc,Male,125.190.98.28
38,Corinna,Pate,cpate11@hhs.gov,Female,49.254.100.130
39,Janith,Galer,jgaler12@senate.gov,Female,188.6.113.104
40,Cirillo,Castelletto,ccastelletto13@wikia.com,Male,157.21.144.102
41,Arluene,Shillitoe,ashillitoe14@ameblo.jp,Female,192.209.79.67
42,Elianore,Adamczewski,eadamczewski15@dailymail.co.uk,Female,24.134.161.155
43,Matthus,Luppitt,mluppitt16@newyorker.com,Male,118.51.9.205
44,Ax,Baugh,abaugh17@github.io,Male,241.13.231.182
45,Celesta,Lestor,clestor18@ameblo.jp,Female,145.163.65.253
46,Marsiella,Flaxon,mflaxon19@seattletimes.com,Female,92.136.8.32
47,Kyle,Redgrove,kredgrove1a@latimes.com,Male,75.56.202.164
48,Maddie,Corbet,mcorbet1b@163.com,Female,240.150.110.193
49,Bill,Leitche,bleitche1c@yelp.com,Female,123.142.121.7
50,Jillie,Abella,jabella1d@bizjournals.com,Female,178.203.226.1